Type,Name,Request Count,Failure Count,Median Response Time,Average Response Time,Min Response Time,Max Response Time,Average Content Size,Requests/s,Failures/s,50%,66%,75%,80%,90%,95%,98%,99%,99.9%,99.99%,100%
POST,/graphql,110089,0,22,23.499279279490565,2.4319000003742985,2087.698999999702,22.0,366.81435138451167,0.0,22,24,26,27,31,40,56,61,100,160,2100
,Aggregated,110089,0,22,23.499279279490565,2.4319000003742985,2087.698999999702,22.0,366.81435138451167,0.0,22,24,26,27,31,40,56,61,100,160,2100
