Type,Name,Request Count,Failure Count,Median Response Time,Average Response Time,Min Response Time,Max Response Time,Average Content Size,Requests/s,Failures/s,50%,66%,75%,80%,90%,95%,98%,99%,99.9%,99.99%,100%
POST,/graphql,109216,0,370.0,385.7877606110753,2.4561999998695683,3463.7578000001668,22.0,364.0517148643391,0.0,370,490,560,610,690,760,820,860,2700,3200,3500
,Aggregated,109216,0,370.0,385.7877606110753,2.4561999998695683,3463.7578000001668,22.0,364.0517148643391,0.0,370,490,560,610,690,760,820,860,2700,3200,3500
