Type,Name,Request Count,Failure Count,Median Response Time,Average Response Time,Min Response Time,Max Response Time,Average Content Size,Requests/s,Failures/s,50%,66%,75%,80%,90%,95%,98%,99%,99.9%,99.99%,100%
POST,/graphql,8712,0,34,42.15067134985646,2.4438000000372995,2181.908700000349,22.0,313.59890747002555,0.0,34,44,50,54,67,82,97,110,2100,2200,2200
,Aggregated,8712,0,34,42.15067134985646,2.4438000000372995,2181.908700000349,22.0,313.59890747002555,0.0,34,44,50,54,67,82,97,110,2100,2200,2200
