Type,Name,Request Count,Failure Count,Median Response Time,Average Response Time,Min Response Time,Max Response Time,Average Content Size,Requests/s,Failures/s,50%,66%,75%,80%,90%,95%,98%,99%,99.9%,99.99%,100%
POST,/graphql,85179,0,200.0,197.2302685685465,2.480200000718469,2562.6492999999755,22.0,368.0817322219784,0.0,200,240,260,270,300,340,380,400,2100,2400,2600
,Aggregated,85179,0,200.0,197.2302685685465,2.480200000718469,2562.6492999999755,22.0,368.0817322219784,0.0,200,240,260,270,300,340,380,400,2100,2400,2600
