Type,Name,Request Count,Failure Count,Median Response Time,Average Response Time,Min Response Time,Max Response Time,Average Content Size,Requests/s,Failures/s,50%,66%,75%,80%,90%,95%,98%,99%,99.9%,99.99%,100%
GET,/users/123,1430,1430,4600.0,4590.265396573414,4200.296199998775,5501.007299999401,0.0,4.762391660736831,4.762391660736831,4600,4600,4700,4700,4800,4800,4900,5000,5100,5500,5500
,Aggregated,1430,1430,4600.0,4590.265396573414,4200.296199998775,5501.007299999401,0.0,4.762391660736831,4.762391660736831,4600,4600,4700,4700,4800,4800,4900,5000,5100,5500,5500
