Type,Name,Request Count,Failure Count,Median Response Time,Average Response Time,Min Response Time,Max Response Time,Average Content Size,Requests/s,Failures/s,50%,66%,75%,80%,90%,95%,98%,99%,99.9%,99.99%,100%
GET,/users/123,1086,1086,4600.0,4635.834610220995,4296.918899999582,12442.039800000202,0.0,4.111109739742624,4.111109739742624,4600,4700,4700,4800,4800,4900,5000,5100,5700,12000,12000
,Aggregated,1086,1086,4600.0,4635.834610220995,4296.918899999582,12442.039800000202,0.0,4.111109739742624,4.111109739742624,4600,4700,4700,4800,4800,4900,5000,5100,5700,12000,12000
