Type,Name,Request Count,Failure Count,Median Response Time,Average Response Time,Min Response Time,Max Response Time,Average Content Size,Requests/s,Failures/s,50%,66%,75%,80%,90%,95%,98%,99%,99.9%,99.99%,100%
GET,/users/123,304,304,4600.0,4656.30402598686,4217.56219999952,6464.157399999749,0.0,1.019235619609664,1.019235619609664,4600,4700,4700,4800,4800,4900,5200,5900,6500,6500,6500
,Aggregated,304,304,4600.0,4656.30402598686,4217.56219999952,6464.157399999749,0.0,1.019235619609664,1.019235619609664,4600,4700,4700,4800,4800,4900,5200,5900,6500,6500,6500
