Type,Name,Request Count,Failure Count,Median Response Time,Average Response Time,Min Response Time,Max Response Time,Average Content Size,Requests/s,Failures/s,50%,66%,75%,80%,90%,95%,98%,99%,99.9%,99.99%,100%
POST,SOAP getUser request,5778,0,2009.8916999995708,2053.2165539806037,2009.8916999995708,2581.509499999811,706.0,20.577255021628837,0.0,2000,2100,2100,2100,2100,2100,2100,2100,2600,2600,2600
,Aggregated,5778,0,2009.8916999995708,2053.2165539806037,2009.8916999995708,2581.509499999811,706.0,20.577255021628837,0.0,2000,2100,2100,2100,2100,2100,2100,2100,2600,2600,2600
