Type,Name,Request Count,Failure Count,Median Response Time,Average Response Time,Min Response Time,Max Response Time,Average Content Size,Requests/s,Failures/s,50%,66%,75%,80%,90%,95%,98%,99%,99.9%,99.99%,100%
POST,SOAP getUser request,5884,0,2007.4570999986463,2051.816010503055,2007.4570999986463,2574.7637000004033,706.0,20.768502278077033,0.0,2000,2100,2100,2100,2100,2100,2100,2100,2600,2600,2600
,Aggregated,5884,0,2007.4570999986463,2051.816010503055,2007.4570999986463,2574.7637000004033,706.0,20.768502278077033,0.0,2000,2100,2100,2100,2100,2100,2100,2100,2600,2600,2600
